Name ,Lowest Income,Low Income,Middle Income,High Income,Highest Income
"ANDREW CUOMO FOR NEW YORK, INC.",1027512.29,327315,1047956.04,2146605.89,11750129.51
VOICE OF TEACHERS FOR EDUCATION / COMMITTEE ON POLITICAL EDUCATION OF THE NEW YO,266413.86,822641.28,1430320.51,2358401.89,4986866.4
NEW YORKERS FOR A BALANCED ALBANY,3002333.97,78375,105475,742460,2400000
NASSAU COUNTY REPUBLICAN COMMITTEE,68025,362731.63,500,721232.69,4378524
DE BLASIO 2017,370802.04,1954.76,424396.34,287023,5185000
PFIZER INC PAC,420,101079.28,168676,265845,2883397.41
SCHNEIDERMAN 2018,209530,14860,88545,521787,4141630.34
CURRAN FOR NASSAU,185725,262724,370851,119700,2781910.99
NYS SENATE REPUBLICAN CAMPAIGN COMMITTEE (NYSSRCC),578377.14,647350,117550,254596.05,2548559.3
NEW YORK REPUBLICAN STATE COMMITTEE - REPORTING,84500,45250,98158.34,229015.56,1136993.03
KAMINSKY FOR NEW YORK,90950,100514,97425,144062,1833375
FRIENDS OF ROB ASTORINO,120143,96783,92029,430119,2270106.54
"MASSEY FOR MAYOR 2017, INC.",33839.44,295736.01,251676,313060,2062017.69
ERIC ADAMS 2021,179028,16125,82250,186666.25,2198448.07
BELLONE FOR SUFFOLK,105400,110406.25,83150.01,446080.05,1242175.21
NEW YORKERS FOR INDEPENDENT ACTION,941600,306490.31,444828.82,189437,1746193
LAWPAC OF NEW YORK,148699.18,2578.25,54879.48,229951.34,1257500
REALTORS POLITICAL ACTION COMMITTEE,132134.55,41695,58775,533515.66,1536034.32
MALONEY FOR NEW YORK,88151,23375,137324.45,255332.52,713964.55
NASSAU COUNTY DEMOCRATIC COMMITTEE (NCDC),20681,102660.07,145704.65,438103.56,1489911.82
SUFFOLK COUNTY DEMOCRATIC COMMITTEE,42916,292606.17,575127.91,201980,1464021.2
JAMES FOR NY,192135.34,30096.77,57750,213781.29,1054518.43
ERIE COUNTY DEMOCRATIC COMMITTEE,151818.11,91996.33,156300.83,216274.56,973904.22
ELEANOR ROOSEVELT LEGACY COMMITTEE,55214.39,107469,162444.82,159120,204318.18
CYNTHIA FOR NEW YORK,92403.46,14075.85,76400,205606.91,1275028.15
ERIC GONZALEZ FOR BROOKLYN DISTRICT ATTORNEY,142388.29,78750.99,117047.5,205054.17,1064071.49
NYS DEMOCRATIC SENATE CAMPAIGN COMMITTEE (NYS DSCC),194675,6750,59950,225260.71,872317.19
STRINGER FOR NEW YORK,59735,137836.5,162984.45,114444.73,1130661.51
TIM SINI FOR DA,202349,20160.2,28131,104995,1021447.84
MOLINARO FOR NEW YORK,187034.79,75125,28525,165162.78,999665.41
LATIMER FOR WESTCHESTER,26475,51168.81,58302.71,270852.95,617611.8
FRIENDS OF MADELINE SINGAS,28500,51050,159997,224759.11,1300000
"DINAPOLI 2022, INC.",52408.6,83193,63412.34,250607.5,1099619.21
FRIENDS FOR KATHY HOCHUL,96027,81246.75,110685,186969.81,1042349.32
NICOLE FOR NEW YORK CITY,30570.17,160686.04,202774.31,81268.65,894369.24
HEALTHCARE ASSOCIATION OF NEW YORK STATE PAC (HANYS PAC),34202.5,6450,24975,207437.7,635940.88
MEDICAL SOCIETY OF THE STATE OF NEW YORK POLITICAL ACTION COMMITTEE (MSSNYPAC),97971.92,62405,9235,166010.5,733615.12
FRIENDS OF LAURA GILLEN,35750,33403.04,136729.46,78419.41,624296.5
KEITH WOFFORD FOR ATTORNEY GENERAL,55540,4650,30645,289645.53,415304.77
ZEPHYR FOR NEW YORK,28264,39231,96300.35,207385,855716
JACK SCHNIRMAN FOR NASSAU,141735,10348,23952,201616.32,1000000
LASAK FOR DISTRICT ATTORNEY,15948,136438.85,319824.4,123764,989000
CITIZENS FOR SANTINO,8864,25548,39456,35250,637798.8
FRIENDS OF JEN METZGER,25561.54,140392.01,50,182908,583674.31
STRINGER 2017,25584,16370,304048,136200,688395.61
"COMMITTEE FOR RANKED CHOICE VOTING NYC, INC.",100,34390,64851,167103,496019.35
BROWN FOR BUFFALO,159861.5,2875,70610,112169,685668.98
NYS DEMOCRATIC ASSEMBLY CAMPAIGN COMMITTEE (DACC),56512,165495,14940,309909,232226.81
NYC DIAZ,47176,4000,185600,76356.07,667311.23
MARTINS FOR NASSAU,9210,42650,5830,197251,844300
ERIE COUNTY REPUBLICAN COMMITTEE-FINANCE,41929,24525,65295,60000,85942
CITIZENS FOR SALADINO,8225,96834,27150,111539.16,670558
KATZ NYS (NEW YORK STATE),39739,4664,276574,174184,531250
REAL ESTATE BOARD PAC,76000,58360,32060,89102,708887.73
FRIENDS OF ROB ASTORINO,19725,63653.19,65920,178155,116093
FRIENDS OF MARK POLONCARZ,53029,72539,103288.02,150908.02,693267.37
NEW YORKERS FOR MARK GJONAJ,35290,48065,208535,692743.56,428153
ANDREW FOR NEW YORK,31702,45877.2,138352,133320.86,631000
JETBLUE AIRWAYS CORPORATION CREW MEMBER GOOD GOVERNMENT FUND (JETBLUE PAC),1150,10425,120326.21,209363.53,548663.38
KENNEDY FOR SENATE,87010,19291.51,38820,154128.44,119899
BEN WALSH FOR SYRACUSE,168675,12695,33929.93,254247.6,577421.51
FRIENDS OF ELIZABETH CROWLEY,15505,35771.72,25780,79559.97,360383.17
SUFFOLK COUNTY REPUBLICAN COMMITTEE CAMPAIGN ACCT (SCRC),8300,14250,54336,83185,347293.67
LANDER FOR NYC,8204.42,60526.61,72500,124339.5,200085
FRIENDS OF ANDREA STEWART-COUSINS,72755,224915,169748.15,407350,116704
COREY 2021,29418,19021,62474.66,202179.19,347333
STATE STREET ASSOCIATES PAC,5000,15167,49818,87950,367950
MCMAHON FOR ONONDAGA COUNTY,84170.09,2313,17895,97290.2,514725.7
REPUBLICAN ASSEMBLY CAMPAIGN COMMITTEE,113575,5992.85,14272,132938.6,470539.75
ALVIN BRAGG FOR DA (DISTRICT ATTORNEY),18725,53878,33860.75,38972,402123.77
FRIENDS OF JAMES SKOUFIS,58480,61643.83,145220.96,65196.93,136450
MIMI ROCAH FOR DA,61130,20490,89328.37,200266.95,96520
GAUGHRAN 2020,11521.41,61000,8463.18,126660,127225
FRIENDS OF CHERYL DINOLFO,64474,38968.08,6375,22500.18,428814
NEW YORKERS FOR A BRIGHTER FUTURE,28434.7,61746,49603,46775,383609.27
FRIENDS OF BO DIETL,17245,13779.06,81940,123606.94,489443.24
NEW YORK REPUBLICAN COUNTY COMMITTEE,31250,75,551781.18,97434,491548.65
NEW YORK ANESTHESIOLOGISTS POLITICAL ACTION COMMITTEE (NYAPAC),33627.38,8512.94,34053.55,106796.77,142025
MARK LEVINE 2017,47705,24004,100,210,278955
COMMITTEE TO ELECT ALESSANDRA BIAGGI,12014.87,28875,15199.98,31125,517195.5
PPNYC VOTES PAC (PLANNED PARENTHOOD OF NEW YORK CITY),8750,36233,37306.25,83482.5,433206
NEW YORKERS FOR DIAZ,42090,1245,38510,56170,322565.44
HOYLMAN FOR SENATE,13880,2156.24,142043.59,118914.71,273055.73
FRIENDS OF KAREN S. SMYTHE,19925,5000,10940.6,56242.41,383464.63
FRIENDS OF DON CLAVIN,4845,11195,11488.34,31972.7,549301.59
ANNA KAPLAN FOR NY STATE SENATE,5275,50831.78,7700,164311.29,482817.56
TOWN OF BABYLON DEMOCRATIC COMMITTEE,11485,29518.66,15456,56989.02,353917.5
PETE HARCKHAM FOR SENATE,16050,6240,85524.54,88961.89,407358.02
CABAN FOR QUEENS,16025.84,78802,115835.24,170525.18,221231.2
ADAM BELLO FOR COUNTY EXECUTIVE,80938.85,51637.58,42632.97,104499.98,456611.92
GREENFIELD NYC,81588,3500,99311,53009,464833.34
JACOBS FOR STATE SENATE,74279,4600,194129.05,115319,317670
TOWN OF HEMPSTEAD REPUBLICAN COMMITTEE,11375,120787.72,8575,66125,410186.33
MAYOR MIKE SPANO COMMITTEE,24460,8765.12,61840,159766.5,257323.26
FRIENDS OF LESLIE,28591.36,15843.95,123607.96,136333.1,106519.84
CITIZENS FOR D'ESPOSITO,2090,42129.08,7556.69,140329.7,341402.76
MASON TENDERS DISTRICT COUNCIL OF GREATER NEW YORK POLITICAL ACTION COMMITTEE,9241.4,27490,41635.13,161902.42,159736
MOLINARO FOR DUTCHESS,57376.92,25492.5,74924.63,100445.73,39758
RICHARDS FOR NEW YORK,16540,56691,64221,123873,372665
DOCTORS COUNCIL SEIU COPE,25620,5887,55363.51,102775,211147